450,Açailândia
451,Afonso Cunha
452,Água Doce do Maranhão
453,Alcântara
454,Aldeias Altas
455,Altamira do Maranhão
456,Alto Alegre do Maranhão
457,Alto Alegre do Pindaré
458,Alto Parnaíba
459,Amapá do Maranhão
460,Amarante do Maranhão
461,Anajatuba
462,Anapurus
463,Apicum-Açu
464,Araguanã
465,Araioses
466,Arame
467,Arari
468,Axixá
469,Bacabal
470,Bacabeira
471,Bacuri
472,Bacurituba
473,Balsas
474,Barão de Grajaú
475,Barra do Corda
476,Barreirinhas
477,Belágua
478,Bela Vista do Maranhão
479,Benedito Leite
480,Bequimão
481,Bernardo do Mearim
482,Boa Vista do Gurupi
483,Bom Jardim
484,Bom Jesus das Selvas
485,Bom Lugar
486,Brejo
487,Brejo de Areia
488,Buriti
489,Buriti Bravo
490,Buriticupu
491,Buritirana
492,Cachoeira Grande
493,Cajapió
494,Cajari
495,Campestre do Maranhão
496,Cândido Mendes
497,Cantanhede
498,Capinzal do Norte
499,Carolina
500,Carutapera
501,Caxias
502,Cedral
503,Central do Maranhão
504,Centro do Guilherme
505,Centro Novo do Maranhão
506,Chapadinha
507,Cidelândia
508,Codó
509,Coelho Neto
510,Colinas
511,Conceição do Lago-Açu
512,Coroatá
513,Cururupu
514,Davinópolis
515,Dom Pedro
516,Duque Bacelar
517,Esperantinópolis
518,Estreito
519,Feira Nova do Maranhão
520,Fernando Falcão
521,Formosa da Serra Negra
522,Fortaleza dos Nogueiras
523,Fortuna
524,Godofredo Viana
525,Gonçalves Dias
526,Governador Archer
527,Governador Edison Lobão
528,Governador Eugênio Barros
529,Governador Luiz Rocha
530,Governador Newton Bello
531,Governador Nunes Freire
532,Graça Aranha
533,Grajaú
534,Guimarães
535,Humberto de Campos
536,Icatu
537,Igarapé do Meio
538,Igarapé Grande
539,Imperatriz
540,Itaipava do Grajaú
541,Itapecuru Mirim
542,Itinga do Maranhão
543,Jatobá
544,Jenipapo dos Vieiras
545,João Lisboa
546,Joselândia
547,Junco do Maranhão
548,Lago da Pedra
549,Lago do Junco
550,Lago Verde
551,Lagoa do Mato
552,Lago dos Rodrigues
553,Lagoa Grande do Maranhão
554,Lajeado Novo
555,Lima Campos
556,Loreto
557,Luís Domingues
558,Magalhães de Almeida
559,Maracaçumé
560,Marajá do Sena
561,Maranhãozinho
562,Mata Roma
563,Matinha
564,Matões
565,Matões do Norte
566,Milagres do Maranhão
567,Mirador
568,Miranda do Norte
569,Mirinzal
570,Monção
571,Montes Altos
572,Morros
573,Nina Rodrigues
574,Nova Colinas
575,Nova Iorque
576,Nova Olinda do Maranhão
577,Olho d'Água das Cunhãs
578,Olinda Nova do Maranhão
579,Paço do Lumiar
580,Palmeirândia
581,Paraibano
582,Parnarama
583,Passagem Franca
584,Pastos Bons
585,Paulino Neves
586,Paulo Ramos
587,Pedreiras
588,Pedro do Rosário
589,Penalva
590,Peri Mirim
591,Peritoró
592,Pindaré-Mirim
593,Pinheiro
594,Pio XII
595,Pirapemas
596,Poção de Pedras
597,Porto Franco
598,Porto Rico do Maranhão
599,Presidente Dutra
600,Presidente Juscelino
601,Presidente Médici
602,Presidente Sarney
603,Presidente Vargas
604,Primeira Cruz
605,Raposa
606,Riachão
607,Ribamar Fiquene
608,Rosário
609,Sambaíba
610,Santa Filomena do Maranhão
611,Santa Helena
612,Santa Inês
613,Santa Luzia
614,Santa Luzia do Paruá
615,Santa Quitéria do Maranhão
616,Santa Rita
617,Santana do Maranhão
618,Santo Amaro do Maranhão
619,Santo Antônio dos Lopes
620,São Benedito do Rio Preto
621,São Bento
622,São Bernardo
623,São Domingos do Azeitão
624,São Domingos do Maranhão
625,São Félix de Balsas
626,São Francisco do Brejão
627,São Francisco do Maranhão
628,São João Batista
629,São João do Carú
630,São João do Paraíso
631,São João do Soter
632,São João dos Patos
633,São José de Ribamar
634,São José dos Basílios
635,São Luís
636,São Luís Gonzaga do Maranhão
637,São Mateus do Maranhão
638,São Pedro da Água Branca
639,São Pedro dos Crentes
640,São Raimundo das Mangabeiras
641,São Raimundo do Doca Bezerra
642,São Roberto
643,São Vicente Ferrer
644,Satubinha
645,Senador Alexandre Costa
646,Senador La Rocque
647,Serrano do Maranhão
648,Sítio Novo
649,Sucupira do Norte
650,Sucupira do Riachão
651,Tasso Fragoso
652,Timbiras
653,Timon
654,Trizidela do Vale
655,Tufilândia
656,Tuntum
657,Turiaçu
658,Turilândia
659,Tutóia
660,Urbano Santos
661,Vargem Grande
662,Viana
663,Vila Nova dos Martírios
664,Vitória do Mearim
665,Vitorino Freire
666,Zé Doca
667,Acauã
668,Agricolândia
669,Água Branca
670,Alagoinha do Piauí
671,Alegrete do Piauí
672,Alto Longá
673,Altos
674,Alvorada do Gurguéia
675,Amarante
676,Angical do Piauí
677,Anísio de Abreu
678,Antônio Almeida
679,Aroazes
680,Aroeiras do Itaim
681,Arraial
682,Assunção do Piauí
683,Avelino Lopes
684,Baixa Grande do Ribeiro
685,Barra D'Alcântara
686,Barras
687,Barreiras do Piauí
688,Barro Duro
689,Batalha
690,Bela Vista do Piauí
691,Belém do Piauí
692,Beneditinos
693,Bertolínia
694,Betânia do Piauí
695,Boa Hora
696,Bocaina
697,Bom Jesus
698,Bom Princípio do Piauí
699,Bonfim do Piauí
700,Boqueirão do Piauí
701,Brasileira
702,Brejo do Piauí
703,Buriti dos Lopes
704,Buriti dos Montes
705,Cabeceiras do Piauí
706,Cajazeiras do Piauí
707,Cajueiro da Praia
708,Caldeirão Grande do Piauí
709,Campinas do Piauí
710,Campo Alegre do Fidalgo
711,Campo Grande do Piauí
712,Campo Largo do Piauí
713,Campo Maior
714,Canavieira
715,Canto do Buriti
716,Capitão de Campos
717,Capitão Gervásio Oliveira
718,Caracol
719,Caraúbas do Piauí
720,Caridade do Piauí
721,Castelo do Piauí
722,Caxingó
723,Cocal
724,Cocal de Telha
725,Cocal dos Alves
726,Coivaras
727,Colônia do Gurguéia
728,Colônia do Piauí
729,Conceição do Canindé
730,Coronel José Dias
731,Corrente
732,Cristalândia do Piauí
733,Cristino Castro
734,Curimatá
735,Currais
736,Curralinhos
737,Curral Novo do Piauí
738,Demerval Lobão
739,Dirceu Arcoverde
740,Dom Expedito Lopes
741,Domingos Mourão
742,Dom Inocêncio
743,Elesbão Veloso
744,Eliseu Martins
745,Esperantina
746,Fartura do Piauí
747,Flores do Piauí
748,Floresta do Piauí
749,Floriano
750,Francinópolis
751,Francisco Ayres
752,Francisco Macedo
753,Francisco Santos
754,Fronteiras
755,Geminiano
756,Gilbués
757,Guadalupe
758,Guaribas
759,Hugo Napoleão
760,Ilha Grande
761,Inhuma
762,Ipiranga do Piauí
763,Isaías Coelho
764,Itainópolis
765,Itaueira
766,Jacobina do Piauí
767,Jaicós
768,Jardim do Mulato
769,Jatobá do Piauí
770,Jerumenha
771,João Costa
772,Joaquim Pires
773,Joca Marques
774,José de Freitas
775,Juazeiro do Piauí
776,Júlio Borges
777,Jurema
778,Lagoinha do Piauí
779,Lagoa Alegre
780,Lagoa do Barro do Piauí
781,Lagoa de São Francisco
782,Lagoa do Piauí
783,Lagoa do Sítio
784,Landri Sales
785,Luís Correia
786,Luzilândia
787,Madeiro
788,Manoel Emídio
789,Marcolândia
790,Marcos Parente
791,Massapê do Piauí
792,Matias Olímpio
793,Miguel Alves
794,Miguel Leão
795,Milton Brandão
796,Monsenhor Gil
797,Monsenhor Hipólito
798,Monte Alegre do Piauí
799,Morro Cabeça no Tempo
800,Morro do Chapéu do Piauí
801,Murici dos Portelas
802,Nazaré do Piauí
803,Nazária
804,Nossa Senhora de Nazaré
805,Nossa Senhora dos Remédios
806,Novo Oriente do Piauí
807,Novo Santo Antônio
808,Oeiras
809,Olho D'Água do Piauí
810,Padre Marcos
811,Paes Landim
812,Pajeú do Piauí
813,Palmeira do Piauí
814,Palmeirais
815,Paquetá
816,Parnaguá
817,Parnaíba
818,Passagem Franca do Piauí
819,Patos do Piauí
820,Pau D'Arco do Piauí
821,Paulistana
822,Pavussu
823,Pedro II
824,Pedro Laurentino
825,Nova Santa Rita
826,Picos
827,Pimenteiras
828,Pio IX
829,Piracuruca
830,Piripiri
831,Porto
832,Porto Alegre do Piauí
833,Prata do Piauí
834,Queimada Nova
835,Redenção do Gurguéia
836,Regeneração
837,Riacho Frio
838,Ribeira do Piauí
839,Ribeiro Gonçalves
840,Rio Grande do Piauí
841,Santa Cruz do Piauí
842,Santa Cruz dos Milagres
843,Santa Filomena
844,Santa Luz
845,Santana do Piauí
846,Santa Rosa do Piauí
847,Santo Antônio de Lisboa
848,Santo Antônio dos Milagres
849,Santo Inácio do Piauí
850,São Braz do Piauí
851,São Félix do Piauí
852,São Francisco de Assis do Piauí
853,São Francisco do Piauí
854,São Gonçalo do Gurguéia
855,São Gonçalo do Piauí
856,São João da Canabrava
857,São João da Fronteira
858,São João da Serra
859,São João da Varjota
860,São João do Arraial
861,São João do Piauí
862,São José do Divino
863,São José do Peixe
864,São José do Piauí
865,São Julião
866,São Lourenço do Piauí
867,São Luis do Piauí
868,São Miguel da Baixa Grande
869,São Miguel do Fidalgo
870,São Miguel do Tapuio
871,São Pedro do Piauí
872,São Raimundo Nonato
873,Sebastião Barros
874,Sebastião Leal
875,Sigefredo Pacheco
876,Simões
877,Simplício Mendes
878,Socorro do Piauí
879,Sussuapara
880,Tamboril do Piauí
881,Tanque do Piauí
882,Teresina
883,União
884,Uruçuí
885,Valença do Piauí
886,Várzea Branca
887,Várzea Grande
888,Vera Mendes
889,Vila Nova do Piauí
890,Wall Ferraz
891,Abaiara
892,Acarape
893,Acaraú
894,Acopiara
895,Aiuaba
896,Alcântaras
897,Altaneira
898,Alto Santo
899,Amontada
900,Antonina do Norte
901,Apuiarés
902,Aquiraz
903,Aracati
904,Aracoiaba
905,Ararendá
906,Araripe
907,Aratuba
908,Arneiroz
909,Assaré
910,Aurora
911,Baixio
912,Banabuiú
913,Barbalha
914,Barreira
915,Barro
916,Barroquinha
917,Baturité
918,Beberibe
919,Bela Cruz
920,Boa Viagem
921,Brejo Santo
922,Camocim
923,Campos Sales
924,Canindé
925,Capistrano
926,Caridade
927,Cariré
928,Caririaçu
929,Cariús
930,Carnaubal
931,Cascavel
932,Catarina
933,Catunda
934,Caucaia
935,Cedro
936,Chaval
937,Choró
938,Chorozinho
939,Coreaú
940,Crateús
941,Crato
942,Croatá
943,Cruz
944,Deputado Irapuan Pinheiro
945,Ererê
946,Eusébio
947,Farias Brito
948,Forquilha
949,Fortaleza
950,Fortim
951,Frecheirinha
952,General Sampaio
953,Graça
954,Granja
955,Granjeiro
956,Groaíras
957,Guaiúba
958,Guaraciaba do Norte
959,Guaramiranga
960,Hidrolândia
961,Horizonte
962,Ibaretama
963,Ibiapina
964,Ibicuitinga
965,Icapuí
966,Icó
967,Iguatu
968,Independência
969,Ipaporanga
970,Ipaumirim
971,Ipu
972,Ipueiras
973,Iracema
974,Irauçuba
975,Itaiçaba
976,Itaitinga
977,Itapajé
978,Itapipoca
979,Itapiúna
980,Itarema
981,Itatira
982,Jaguaretama
983,Jaguaribara
984,Jaguaribe
985,Jaguaruana
986,Jardim
987,Jati
988,Jijoca de Jericoacoara
989,Juazeiro do Norte
990,Jucás
991,Lavras da Mangabeira
992,Limoeiro do Norte
993,Madalena
994,Maracanaú
995,Maranguape
996,Marco
997,Martinópole
998,Massapê
999,Mauriti
1000,Meruoca
1001,Milagres
1002,Milhã
1003,Miraíma
1004,Missão Velha
1005,Mombaça
1006,Monsenhor Tabosa
1007,Morada Nova
1008,Moraújo
1009,Morrinhos
1010,Mucambo
1011,Mulungu
1012,Nova Olinda
1013,Nova Russas
1014,Novo Oriente
1015,Ocara
1016,Orós
1017,Pacajus
1018,Pacatuba
1019,Pacoti
1020,Pacujá
1021,Palhano
1022,Palmácia
1023,Paracuru
1024,Paraipaba
1025,Parambu
1026,Paramoti
1027,Pedra Branca
1028,Penaforte
1029,Pentecoste
1030,Pereiro
1031,Pindoretama
1032,Piquet Carneiro
1033,Pires Ferreira
1034,Poranga
1035,Porteiras
1036,Potengi
1037,Potiretama
1038,Quiterianópolis
1039,Quixadá
1040,Quixelô
1041,Quixeramobim
1042,Quixeré
1043,Redenção
1044,Reriutaba
1045,Russas
1046,Saboeiro
1047,Salitre
1048,Santana do Acaraú
1049,Santana do Cariri
1050,Santa Quitéria
1051,São Benedito
1052,São Gonçalo do Amarante
1053,São João do Jaguaribe
1054,São Luís do Curu
1055,Senador Pompeu
1056,Senador Sá
1057,Sobral
1058,Solonópole
1059,Tabuleiro do Norte
1060,Tamboril
1061,Tarrafas
1062,Tauá
1063,Tejuçuoca
1064,Tianguá
1065,Trairi
1066,Tururu
1067,Ubajara
1068,Umari
1069,Umirim
1070,Uruburetama
1071,Uruoca
1072,Varjota
1073,Várzea Alegre
1074,Viçosa do Ceará
1075,Acari
1076,Açu
1077,Afonso Bezerra
1078,Água Nova
1079,Alexandria
1080,Almino Afonso
1081,Alto do Rodrigues
1082,Angicos
1083,Antônio Martins
1084,Apodi
1085,Areia Branca
1086,Arês
1087,Augusto Severo
1088,Baía Formosa
1089,Baraúna
1090,Barcelona
1091,Bento Fernandes
1092,Bodó
1093,Bom Jesus
1094,Brejinho
1095,Caiçara do Norte
1096,Caiçara do Rio do Vento
1097,Caicó
1098,Campo Redondo
1099,Canguaretama
1100,Caraúbas
1101,Carnaúba dos Dantas
1102,Carnaubais
1103,Ceará-Mirim
1104,Cerro Corá
1105,Coronel Ezequiel
1106,Coronel João Pessoa
1107,Cruzeta
1108,Currais Novos
1109,Doutor Severiano
1110,Parnamirim
1111,Encanto
1112,Equador
1113,Espírito Santo
1114,Extremoz
1115,Felipe Guerra
1116,Fernando Pedroza
1117,Florânia
1118,Francisco Dantas
1119,Frutuoso Gomes
1120,Galinhos
1121,Goianinha
1122,Governador Dix-Sept Rosado
1123,Grossos
1124,Guamaré
1125,Ielmo Marinho
1126,Ipanguaçu
1127,Ipueira
1128,Itajá
1129,Itaú
1130,Jaçanã
1131,Jandaíra
1132,Janduís
1133,Januário Cicco
1134,Japi
1135,Jardim de Angicos
1136,Jardim de Piranhas
1137,Jardim do Seridó
1138,João Câmara
1139,João Dias
1140,José da Penha
1141,Jucurutu
1142,Jundiá
1143,Lagoa d'Anta
1144,Lagoa de Pedras
1145,Lagoa de Velhos
1146,Lagoa Nova
1147,Lagoa Salgada
1148,Lajes
1149,Lajes Pintadas
1150,Lucrécia
1151,Luís Gomes
1152,Macaíba
1153,Macau
1154,Major Sales
1155,Marcelino Vieira
1156,Martins
1157,Maxaranguape
1158,Messias Targino
1159,Montanhas
1160,Monte Alegre
1161,Monte das Gameleiras
1162,Mossoró
1163,Natal
1164,Nísia Floresta
1165,Nova Cruz
1166,Olho-d'Água do Borges
1167,Ouro Branco
1168,Paraná
1169,Paraú
1170,Parazinho
1171,Parelhas
1172,Rio do Fogo
1173,Passa e Fica
1174,Passagem
1175,Patu
1176,Santa Maria
1177,Pau dos Ferros
1178,Pedra Grande
1179,Pedra Preta
1180,Pedro Avelino
1181,Pedro Velho
1182,Pendências
1183,Pilões
1184,Poço Branco
1185,Portalegre
1186,Porto do Mangue
1187,Serra Caiada
1188,Pureza
1189,Rafael Fernandes
1190,Rafael Godeiro
1191,Riacho da Cruz
1192,Riacho de Santana
1193,Riachuelo
1194,Rodolfo Fernandes
1195,Tibau
1196,Ruy Barbosa
1197,Santa Cruz
1198,Santana do Matos
1199,Santana do Seridó
1200,Santo Antônio
1201,São Bento do Norte
1202,São Bento do Trairí
1203,São Fernando
1204,São Francisco do Oeste
1205,São Gonçalo do Amarante
1206,São João do Sabugi
1207,São José de Mipibu
1208,São José do Campestre
1209,São José do Seridó
1210,São Miguel
1211,São Miguel do Gostoso
1212,São Paulo do Potengi
1213,São Pedro
1214,São Rafael
1215,São Tomé
1216,São Vicente
1217,Senador Elói de Souza
1218,Senador Georgino Avelino
1219,Serra de São Bento
1220,Serra do Mel
1221,Serra Negra do Norte
1222,Serrinha
1223,Serrinha dos Pintos
1224,Severiano Melo
1225,Sítio Novo
1226,Taboleiro Grande
1227,Taipu
1228,Tangará
1229,Tenente Ananias
1230,Tenente Laurentino Cruz
1231,Tibau do Sul
1232,Timbaúba dos Batistas
1233,Touros
1234,Triunfo Potiguar
1235,Umarizal
1236,Upanema
1237,Várzea
1238,Venha-Ver
1239,Vera Cruz
1240,Viçosa
1241,Vila Flor
1242,Água Branca
1243,Aguiar
1244,Alagoa Grande
1245,Alagoa Nova
1246,Alagoinha
1247,Alcantil
1248,Algodão de Jandaíra
1249,Alhandra
1250,São João do Rio do Peixe
1251,Amparo
1252,Aparecida
1253,Araçagi
1254,Arara
1255,Araruna
1256,Areia
1257,Areia de Baraúnas
1258,Areial
1259,Aroeiras
1260,Assunção
1261,Baía da Traição
1262,Bananeiras
1263,Baraúna
1264,Barra de Santana
1265,Barra de Santa Rosa
1266,Barra de São Miguel
1267,Bayeux
1268,Belém
1269,Belém do Brejo do Cruz
1270,Bernardino Batista
1271,Boa Ventura
1272,Boa Vista
1273,Bom Jesus
1274,Bom Sucesso
1275,Bonito de Santa Fé
1276,Boqueirão
1277,Igaracy
1278,Borborema
1279,Brejo do Cruz
1280,Brejo dos Santos
1281,Caaporã
1282,Cabaceiras
1283,Cabedelo
1284,Cachoeira dos Índios
1285,Cacimba de Areia
1286,Cacimba de Dentro
1287,Cacimbas
1288,Caiçara
1289,Cajazeiras
1290,Cajazeirinhas
1291,Caldas Brandão
1292,Camalaú
1293,Campina Grande
1294,Capim
1295,Caraúbas
1296,Carrapateira
1297,Casserengue
1298,Catingueira
1299,Catolé do Rocha
1300,Caturité
1301,Conceição
1302,Condado
1303,Conde
1304,Congo
1305,Coremas
1306,Coxixola
1307,Cruz do Espírito Santo
1308,Cubati
1309,Cuité
1310,Cuitegi
1311,Cuité de Mamanguape
1312,Curral de Cima
1313,Curral Velho
1314,Damião
1315,Desterro
1316,Vista Serrana
1317,Diamante
1318,Dona Inês
1319,Duas Estradas
1320,Emas
1321,Esperança
1322,Fagundes
1323,Frei Martinho
1324,Gado Bravo
1325,Guarabira
1326,Gurinhém
1327,Gurjão
1328,Ibiara
1329,Imaculada
1330,Ingá
1331,Itabaiana
1332,Itaporanga
1333,Itapororoca
1334,Itatuba
1335,Jacaraú
1336,Jericó
1337,João Pessoa
1338,Juarez Távora
1339,Juazeirinho
1340,Junco do Seridó
1341,Juripiranga
1342,Juru
1343,Lagoa
1344,Lagoa de Dentro
1345,Lagoa Seca
1346,Lastro
1347,Livramento
1348,Logradouro
1349,Lucena
1350,Mãe d'Água
1351,Malta
1352,Mamanguape
1353,Manaíra
1354,Marcação
1355,Mari
1356,Marizópolis
1357,Massaranduba
1358,Mataraca
1359,Matinhas
1360,Mato Grosso
1361,Maturéia
1362,Mogeiro
1363,Montadas
1364,Monte Horebe
1365,Monteiro
1366,Mulungu
1367,Natuba
1368,Nazarezinho
1369,Nova Floresta
1370,Nova Olinda
1371,Nova Palmeira
1372,Olho d'Água
1373,Olivedos
1374,Ouro Velho
1375,Parari
1376,Passagem
1377,Patos
1378,Paulista
1379,Pedra Branca
1380,Pedra Lavrada
1381,Pedras de Fogo
1382,Piancó
1383,Picuí
1384,Pilar
1385,Pilões
1386,Pilõezinhos
1387,Pirpirituba
1388,Pitimbu
1389,Pocinhos
1390,Poço Dantas
1391,Poço de José de Moura
1392,Pombal
1393,Prata
1394,Princesa Isabel
1395,Puxinanã
1396,Queimadas
1397,Quixaba
1398,Remígio
1399,Pedro Régis
1400,Riachão
1401,Riachão do Bacamarte
1402,Riachão do Poço
1403,Riacho de Santo Antônio
1404,Riacho dos Cavalos
1405,Rio Tinto
1406,Salgadinho
1407,Salgado de São Félix
1408,Santa Cecília
1409,Santa Cruz
1410,Santa Helena
1411,Santa Inês
1412,Santa Luzia
1413,Santana de Mangueira
1414,Santana dos Garrotes
1415,Joca Claudino
1416,Santa Rita
1417,Santa Teresinha
1418,Santo André
1419,São Bento
1420,São Bentinho
1421,São Domingos do Cariri
1422,São Domingos
1423,São Francisco
1424,São João do Cariri
1425,São João do Tigre
1426,São José da Lagoa Tapada
1427,São José de Caiana
1428,São José de Espinharas
1429,São José dos Ramos
1430,São José de Piranhas
1431,São José de Princesa
1432,São José do Bonfim
1433,São José do Brejo do Cruz
1434,São José do Sabugi
1435,São José dos Cordeiros
1436,São Mamede
1437,São Miguel de Taipu
1438,São Sebastião de Lagoa de Roça
1439,São Sebastião do Umbuzeiro
1440,Sapé
1441,São Vicente do Seridó
1442,Serra Branca
1443,Serra da Raiz
1444,Serra Grande
1445,Serra Redonda
1446,Serraria
1447,Sertãozinho
1448,Sobrado
1449,Solânea
1450,Soledade
1451,Sossêgo
1452,Sousa
1453,Sumé
1454,Tacima
1455,Taperoá
1456,Tavares
1457,Teixeira
1458,Tenório
1459,Triunfo
1460,Uiraúna
1461,Umbuzeiro
1462,Várzea
1463,Vieirópolis
1464,Zabelê
1465,Abreu e Lima
1466,Afogados da Ingazeira
1467,Afrânio
1468,Agrestina
1469,Água Preta
1470,Águas Belas
1471,Alagoinha
1472,Aliança
1473,Altinho
1474,Amaraji
1475,Angelim
1476,Araçoiaba
1477,Araripina
1478,Arcoverde
1479,Barra de Guabiraba
1480,Barreiros
1481,Belém de Maria
1482,Belém do São Francisco
1483,Belo Jardim
1484,Betânia
1485,Bezerros
1486,Bodocó
1487,Bom Conselho
1488,Bom Jardim
1489,Bonito
1490,Brejão
1491,Brejinho
1492,Brejo da Madre de Deus
1493,Buenos Aires
1494,Buíque
1495,Cabo de Santo Agostinho
1496,Cabrobó
1497,Cachoeirinha
1498,Caetés
1499,Calçado
1500,Calumbi
1501,Camaragibe
1502,Camocim de São Félix
1503,Camutanga
1504,Canhotinho
1505,Capoeiras
1506,Carnaíba
1507,Carnaubeira da Penha
1508,Carpina
1509,Caruaru
1510,Casinhas
1511,Catende
1512,Cedro
1513,Chã de Alegria
1514,Chã Grande
1515,Condado
1516,Correntes
1517,Cortês
1518,Cumaru
1519,Cupira
1520,Custódia
1521,Dormentes
1522,Escada
1523,Exu
1524,Feira Nova
1525,Fernando de Noronha
1526,Ferreiros
1527,Flores
1528,Floresta
1529,Frei Miguelinho
1530,Gameleira
1531,Garanhuns
1532,Glória do Goitá
1533,Goiana
1534,Granito
1535,Gravatá
1536,Iati
1537,Ibimirim
1538,Ibirajuba
1539,Igarassu
1540,Iguaracy
1541,Inajá
1542,Ingazeira
1543,Ipojuca
1544,Ipubi
1545,Itacuruba
1546,Itaíba
1547,Ilha de Itamaracá
1548,Itambé
1549,Itapetim
1550,Itapissuma
1551,Itaquitinga
1552,Jaboatão dos Guararapes
1553,Jaqueira
1554,Jataúba
1555,Jatobá
1556,João Alfredo
1557,Joaquim Nabuco
1558,Jucati
1559,Jupi
1560,Jurema
1561,Lagoa do Carro
1562,Lagoa de Itaenga
1563,Lagoa do Ouro
1564,Lagoa dos Gatos
1565,Lagoa Grande
1566,Lajedo
1567,Limoeiro
1568,Macaparana
1569,Machados
1570,Manari
1571,Maraial
1572,Mirandiba
1573,Moreno
1574,Nazaré da Mata
1575,Olinda
1576,Orobó
1577,Orocó
1578,Ouricuri
1579,Palmares
1580,Palmeirina
1581,Panelas
1582,Paranatama
1583,Parnamirim
1584,Passira
1585,Paudalho
1586,Paulista
1587,Pedra
1588,Pesqueira
1589,Petrolândia
1590,Petrolina
1591,Poção
1592,Pombos
1593,Primavera
1594,Quipapá
1595,Quixaba
1596,Recife
1597,Riacho das Almas
1598,Ribeirão
1599,Rio Formoso
1600,Sairé
1601,Salgadinho
1602,Salgueiro
1603,Saloá
1604,Sanharó
1605,Santa Cruz
1606,Santa Cruz da Baixa Verde
1607,Santa Cruz do Capibaribe
1608,Santa Filomena
1609,Santa Maria da Boa Vista
1610,Santa Maria do Cambucá
1611,Santa Terezinha
1612,São Benedito do Sul
1613,São Bento do Una
1614,São Caitano
1615,São João
1616,São Joaquim do Monte
1617,São José da Coroa Grande
1618,São José do Belmonte
1619,São José do Egito
1620,São Lourenço da Mata
1621,São Vicente Ferrer
1622,Serra Talhada
1623,Serrita
1624,Sertânia
1625,Sirinhaém
1626,Moreilândia
1627,Solidão
1628,Surubim
1629,Tabira
1630,Tacaimbó
1631,Tacaratu
1632,Tamandaré
1633,Taquaritinga do Norte
1634,Terezinha
1635,Terra Nova
1636,Timbaúba
1637,Toritama
1638,Tracunhaém
1639,Trindade
1640,Triunfo
1641,Tupanatinga
1642,Tuparetama
1643,Venturosa
1644,Verdejante
1645,Vertente do Lério
1646,Vertentes
1647,Vicência
1648,Vitória de Santo Antão
1649,Xexéu
1650,Água Branca
1651,Anadia
1652,Arapiraca
1653,Atalaia
1654,Barra de Santo Antônio
1655,Barra de São Miguel
1656,Batalha
1657,Belém
1658,Belo Monte
1659,Boca da Mata
1660,Branquinha
1661,Cacimbinhas
1662,Cajueiro
1663,Campestre
1664,Campo Alegre
1665,Campo Grande
1666,Canapi
1667,Capela
1668,Carneiros
1669,Chã Preta
1670,Coité do Nóia
1671,Colônia Leopoldina
1672,Coqueiro Seco
1673,Coruripe
1674,Craíbas
1675,Delmiro Gouveia
1676,Dois Riachos
1677,Estrela de Alagoas
1678,Feira Grande
1679,Feliz Deserto
1680,Flexeiras
1681,Girau do Ponciano
1682,Ibateguara
1683,Igaci
1684,Igreja Nova
1685,Inhapi
1686,Jacaré dos Homens
1687,Jacuípe
1688,Japaratinga
1689,Jaramataia
1690,Jequiá da Praia
1691,Joaquim Gomes
1692,Jundiá
1693,Junqueiro
1694,Lagoa da Canoa
1695,Limoeiro de Anadia
1696,Maceió
1697,Major Isidoro
1698,Maragogi
1699,Maravilha
1700,Marechal Deodoro
1701,Maribondo
1702,Mar Vermelho
1703,Mata Grande
1704,Matriz de Camaragibe
1705,Messias
1706,Minador do Negrão
1707,Monteirópolis
1708,Murici
1709,Novo Lino
1710,Olho d'Água das Flores
1711,Olho d'Água do Casado
1712,Olho d'Água Grande
1713,Olivença
1714,Ouro Branco
1715,Palestina
1716,Palmeira dos Índios
1717,Pão de Açúcar
1718,Pariconha
1719,Paripueira
1720,Passo de Camaragibe
1721,Paulo Jacinto
1722,Penedo
1723,Piaçabuçu
1724,Pilar
1725,Pindoba
1726,Piranhas
1727,Poço das Trincheiras
1728,Porto Calvo
1729,Porto de Pedras
1730,Porto Real do Colégio
1731,Quebrangulo
1732,Rio Largo
1733,Roteiro
1734,Santa Luzia do Norte
1735,Santana do Ipanema
1736,Santana do Mundaú
1737,São Brás
1738,São José da Laje
1739,São José da Tapera
1740,São Luís do Quitunde
1741,São Miguel dos Campos
1742,São Miguel dos Milagres
1743,São Sebastião
1744,Satuba
1745,Senador Rui Palmeira
1746,Tanque d'Arca
1747,Taquarana
1748,Teotônio Vilela
1749,Traipu
1750,União dos Palmares
1751,Viçosa
1752,Amparo de São Francisco
1753,Aquidabã
1754,Aracaju
1755,Arauá
1756,Areia Branca
1757,Barra dos Coqueiros
1758,Boquim
1759,Brejo Grande
1760,Campo do Brito
1761,Canhoba
1762,Canindé de São Francisco
1763,Capela
1764,Carira
1765,Carmópolis
1766,Cedro de São João
1767,Cristinápolis
1768,Cumbe
1769,Divina Pastora
1770,Estância
1771,Feira Nova
1772,Frei Paulo
1773,Gararu
1774,General Maynard
1775,Graccho Cardoso
1776,Ilha das Flores
1777,Indiaroba
1778,Itabaiana
1779,Itabaianinha
1780,Itabi
1781,Itaporanga d'Ajuda
1782,Japaratuba
1783,Japoatã
1784,Lagarto
1785,Laranjeiras
1786,Macambira
1787,Malhada dos Bois
1788,Malhador
1789,Maruim
1790,Moita Bonita
1791,Monte Alegre de Sergipe
1792,Muribeca
1793,Neópolis
1794,Nossa Senhora Aparecida
1795,Nossa Senhora da Glória
1796,Nossa Senhora das Dores
1797,Nossa Senhora de Lourdes
1798,Nossa Senhora do Socorro
1799,Pacatuba
1800,Pedra Mole
1801,Pedrinhas
1802,Pinhão
1803,Pirambu
1804,Poço Redondo
1805,Poço Verde
1806,Porto da Folha
1807,Propriá
1808,Riachão do Dantas
1809,Riachuelo
1810,Ribeirópolis
1811,Rosário do Catete
1812,Salgado
1813,Santa Luzia do Itanhy
1814,Santana do São Francisco
1815,Santa Rosa de Lima
1816,Santo Amaro das Brotas
1817,São Cristóvão
1818,São Domingos
1819,São Francisco
1820,São Miguel do Aleixo
1821,Simão Dias
1822,Siriri
1823,Telha
1824,Tobias Barreto
1825,Tomar do Geru
1826,Umbaúba
1827,Abaíra
1828,Abaré
1829,Acajutiba
1830,Adustina
1831,Água Fria
1832,Érico Cardoso
1833,Aiquara
1834,Alagoinhas
1835,Alcobaça
1836,Almadina
1837,Amargosa
1838,Amélia Rodrigues
1839,América Dourada
1840,Anagé
1841,Andaraí
1842,Andorinha
1843,Angical
1844,Anguera
1845,Antas
1846,Antônio Cardoso
1847,Antônio Gonçalves
1848,Aporá
1849,Apuarema
1850,Aracatu
1851,Araças
1852,Araci
1853,Aramari
1854,Arataca
1855,Aratuípe
1856,Aurelino Leal
1857,Baianópolis
1858,Baixa Grande
1859,Banzaê
1860,Barra
1861,Barra da Estiva
1862,Barra do Choça
1863,Barra do Mendes
1864,Barra do Rocha
1865,Barreiras
1866,Barro Alto
1867,Barrocas
1868,Barro Preto
1869,Belmonte
1870,Belo Campo
1871,Biritinga
1872,Boa Nova
1873,Boa Vista do Tupim
1874,Bom Jesus da Lapa
1875,Bom Jesus da Serra
1876,Boninal
1877,Bonito
1878,Boquira
1879,Botuporã
1880,Brejões
1881,Brejolândia
1882,Brotas de Macaúbas
1883,Brumado
1884,Buerarema
1885,Buritirama
1886,Caatiba
1887,Cabaceiras do Paraguaçu
1888,Cachoeira
1889,Caculé
1890,Caém
1891,Caetanos
1892,Caetité
1893,Cafarnaum
1894,Cairu
1895,Caldeirão Grande
1896,Camacan
1897,Camaçari
1898,Camamu
1899,Campo Alegre de Lourdes
1900,Campo Formoso
1901,Canápolis
1902,Canarana
1903,Canavieiras
1904,Candeal
1905,Candeias
1906,Candiba
1907,Cândido Sales
1908,Cansanção
1909,Canudos
1910,Capela do Alto Alegre
1911,Capim Grosso
1912,Caraíbas
1913,Caravelas
1914,Cardeal da Silva
1915,Carinhanha
1916,Casa Nova
1917,Castro Alves
1918,Catolândia
1919,Catu
1920,Caturama
1921,Central
1922,Chorrochó
1923,Cícero Dantas
1924,Cipó
1925,Coaraci
1926,Cocos
1927,Conceição da Feira
1928,Conceição do Almeida
1929,Conceição do Coité
1930,Conceição do Jacuípe
1931,Conde
1932,Condeúba
1933,Contendas do Sincorá
1934,Coração de Maria
1935,Cordeiros
1936,Coribe
1937,Coronel João Sá
1938,Correntina
1939,Cotegipe
1940,Cravolândia
1941,Crisópolis
1942,Cristópolis
1943,Cruz das Almas
1944,Curaçá
1945,Dário Meira
1946,Dias d'Ávila
1947,Dom Basílio
1948,Dom Macedo Costa
1949,Elísio Medrado
1950,Encruzilhada
1951,Entre Rios
1952,Esplanada
1953,Euclides da Cunha
1954,Eunápolis
1955,Fátima
1956,Feira da Mata
1957,Feira de Santana
1958,Filadélfia
1959,Firmino Alves
1960,Floresta Azul
1961,Formosa do Rio Preto
1962,Gandu
1963,Gavião
1964,Gentio do Ouro
1965,Glória
1966,Gongogi
1967,Governador Mangabeira
1968,Guajeru
1969,Guanambi
1970,Guaratinga
1971,Heliópolis
1972,Iaçu
1973,Ibiassucê
1974,Ibicaraí
1975,Ibicoara
1976,Ibicuí
1977,Ibipeba
1978,Ibipitanga
1979,Ibiquera
1980,Ibirapitanga
1981,Ibirapuã
1982,Ibirataia
1983,Ibitiara
1984,Ibititá
1985,Ibotirama
1986,Ichu
1987,Igaporã
1988,Igrapiúna
1989,Iguaí
1990,Ilhéus
1991,Inhambupe
1992,Ipecaetá
1993,Ipiaú
1994,Ipirá
1995,Ipupiara
1996,Irajuba
1997,Iramaia
1998,Iraquara
1999,Irará
2000,Irecê
2001,Itabela
2002,Itaberaba
2003,Itabuna
2004,Itacaré
2005,Itaeté
2006,Itagi
2007,Itagibá
2008,Itagimirim
2009,Itaguaçu da Bahia
2010,Itaju do Colônia
2011,Itajuípe
2012,Itamaraju
2013,Itamari
2014,Itambé
2015,Itanagra
2016,Itanhém
2017,Itaparica
2018,Itapé
2019,Itapebi
2020,Itapetinga
2021,Itapicuru
2022,Itapitanga
2023,Itaquara
2024,Itarantim
2025,Itatim
2026,Itiruçu
2027,Itiúba
2028,Itororó
2029,Ituaçu
2030,Ituberá
2031,Iuiú
2032,Jaborandi
2033,Jacaraci
2034,Jacobina
2035,Jaguaquara
2036,Jaguarari
2037,Jaguaripe
2038,Jandaíra
2039,Jequié
2040,Jeremoabo
2041,Jiquiriçá
2042,Jitaúna
2043,João Dourado
2044,Juazeiro
2045,Jucuruçu
2046,Jussara
2047,Jussari
2048,Jussiape
2049,Lafaiete Coutinho
2050,Lagoa Real
2051,Laje
2052,Lajedão
2053,Lajedinho
2054,Lajedo do Tabocal
2055,Lamarão
2056,Lapão
2057,Lauro de Freitas
2058,Lençóis
2059,Licínio de Almeida
2060,Livramento de Nossa Senhora
2061,Luís Eduardo Magalhães
2062,Macajuba
2063,Macarani
2064,Macaúbas
2065,Macururé
2066,Madre de Deus
2067,Maetinga
2068,Maiquinique
2069,Mairi
2070,Malhada
2071,Malhada de Pedras
2072,Manoel Vitorino
2073,Mansidão
2074,Maracás
2075,Maragogipe
2076,Maraú
2077,Marcionílio Souza
2078,Mascote
2079,Mata de São João
2080,Matina
2081,Medeiros Neto
2082,Miguel Calmon
2083,Milagres
2084,Mirangaba
2085,Mirante
2086,Monte Santo
2087,Morpará
2088,Morro do Chapéu
2089,Mortugaba
2090,Mucugê
2091,Mucuri
2092,Mulungu do Morro
2093,Mundo Novo
2094,Muniz Ferreira
2095,Muquém de São Francisco
2096,Muritiba
2097,Mutuípe
2098,Nazaré
2099,Nilo Peçanha
2100,Nordestina
2101,Nova Canaã
2102,Nova Fátima
2103,Nova Ibiá
2104,Nova Itarana
2105,Nova Redenção
2106,Nova Soure
2107,Nova Viçosa
2108,Novo Horizonte
2109,Novo Triunfo
2110,Olindina
2111,Oliveira dos Brejinhos
2112,Ouriçangas
2113,Ourolândia
2114,Palmas de Monte Alto
2115,Palmeiras
2116,Paramirim
2117,Paratinga
2118,Paripiranga
2119,Pau Brasil
2120,Paulo Afonso
2121,Pé de Serra
2122,Pedrão
2123,Pedro Alexandre
2124,Piatã
2125,Pilão Arcado
2126,Pindaí
2127,Pindobaçu
2128,Pintadas
2129,Piraí do Norte
2130,Piripá
2131,Piritiba
2132,Planaltino
2133,Planalto
2134,Poções
2135,Pojuca
2136,Ponto Novo
2137,Porto Seguro
2138,Potiraguá
2139,Prado
2140,Presidente Dutra
2141,Presidente Jânio Quadros
2142,Presidente Tancredo Neves
2143,Queimadas
2144,Quijingue
2145,Quixabeira
2146,Rafael Jambeiro
2147,Remanso
2148,Retirolândia
2149,Riachão das Neves
2150,Riachão do Jacuípe
2151,Riacho de Santana
2152,Ribeira do Amparo
2153,Ribeira do Pombal
2154,Ribeirão do Largo
2155,Rio de Contas
2156,Rio do Antônio
2157,Rio do Pires
2158,Rio Real
2159,Rodelas
2160,Ruy Barbosa
2161,Salinas da Margarida
2162,Salvador
2163,Santa Bárbara
2164,Santa Brígida
2165,Santa Cruz Cabrália
2166,Santa Cruz da Vitória
2167,Santa Inês
2168,Santaluz
2169,Santa Luzia
2170,Santa Maria da Vitória
2171,Santana
2172,Santanópolis
2173,Santa Rita de Cássia
2174,Santa Teresinha
2175,Santo Amaro
2176,Santo Antônio de Jesus
2177,Santo Estêvão
2178,São Desidério
2179,São Domingos
2180,São Félix
2181,São Félix do Coribe
2182,São Felipe
2183,São Francisco do Conde
2184,São Gabriel
2185,São Gonçalo dos Campos
2186,São José da Vitória
2187,São José do Jacuípe
2188,São Miguel das Matas
2189,São Sebastião do Passé
2190,Sapeaçu
2191,Sátiro Dias
2192,Saubara
2193,Saúde
2194,Seabra
2195,Sebastião Laranjeiras
2196,Senhor do Bonfim
2197,Serra do Ramalho
2198,Sento Sé
2199,Serra Dourada
2200,Serra Preta
2201,Serrinha
2202,Serrolândia
2203,Simões Filho
2204,Sítio do Mato
2205,Sítio do Quinto
2206,Sobradinho
2207,Souto Soares
2208,Tabocas do Brejo Velho
2209,Tanhaçu
2210,Tanque Novo
2211,Tanquinho
2212,Taperoá
2213,Tapiramutá
2214,Teixeira de Freitas
2215,Teodoro Sampaio
2216,Teofilândia
2217,Teolândia
2218,Terra Nova
2219,Tremedal
2220,Tucano
2221,Uauá
2222,Ubaíra
2223,Ubaitaba
2224,Ubatã
2225,Uibaí
2226,Umburanas
2227,Una
2228,Urandi
2229,Uruçuca
2230,Utinga
2231,Valença
2232,Valente
2233,Várzea da Roça
2234,Várzea do Poço
2235,Várzea Nova
2236,Varzedo
2237,Vera Cruz
2238,Vereda
2239,Vitória da Conquista
2240,Wagner
2241,Wanderley
2242,Wenceslau Guimarães
2243,Xique-Xique
